True,ticket_id,customer_id,category,priority,status,created_date,resolved_date,agent_id,region,satisfaction_score
0,TKT-1001,CUST-194,Account,Medium,Open,2024-12-11 03:00:00,,A102,South,
5,TKT-1006,CUST-111,Shipping,Low,Open,2024-11-14 10:00:00,,A103,East,
6,TKT-1007,CUST-193,Shipping,Low,Open,2024-12-09 08:00:00,,A104,North,
20,TKT-1021,CUST-146,Account,Medium,Open,2024-12-02 00:00:00,,A101,South,
21,TKT-1022,CUST-110,Shipping,Low,Open,2024-12-27 18:00:00,,A105,South,
24,TKT-1025,CUST-175,Product,Medium,Open,2024-11-05 10:00:00,,A105,South,
25,TKT-1026,CUST-129,Billing,Low,Open,2024-11-01 02:00:00,,A103,North,
31,TKT-1032,CUST-196,Technical,Medium,Open,2024-12-24 00:00:00,,A104,West,
36,TKT-1037,CUST-176,Billing,Medium,Open,2024-11-06 05:00:00,,A104,North,
