Airflow Practice Dataset - Support Tickets,,,,
,,,,
Main sheet: support_tickets (40 rows of historical tickets),,,,
Secondary sheet: new_tickets (4 new tickets for FileSensor / append practice),,,,
,,,,
Suggested local path (based on your structure):,,,,
Airflow_Prac/data/support_tickets.xlsx,,,,
,,,,
Columns:,,,,
"ticket_id, customer_id, category, priority, status, created_date, resolved_date, agent_id, region, satisfaction_score",,,,
,,,,
Use this file for the 15 intermediate questions provided with this dataset.,,,,